[
  {
    "question": "彼から5時間返信がない。追いLINEするなら？",
    "answer": "なんで！！！！！！！！！！！返信！！！！！！！ないの！！！！！！！！！！！！！",
    "char_count": 40,
    "score": 15,
    "grade": "D",
    "rank_name": "ただのお友達 級",
    "warning": "足りないよ...",
    "comment": "勢いはあるけど、それだけ？ 『！』の数で愛が測れると思ってるの？ 浅はかね。5時間待たされた怨念も、不安も、具体的に言葉にしないと彼には届かないよ。ただうるさいだけの女なんて、一番最初に捨てられるわよ？"
  },
  {
    "question": "彼から5時間返信がない。追いLINEするなら？",
    "answer": "ねえ、死のうかな",
    "char_count": 8,
    "score": 80,
    "grade": "S",
    "rank_name": "スマホのパスワード解いてくる 級",
    "warning": "変えても無駄だからね",
    "comment": "短くても、その一言に込められた本気が伝わってくるわ。5時間の空白があなたをそこまで追い詰めたのね。わかるよ。その切実さ、愛の深さ、合格よ。でも次はもっと長く、遺書くらいの熱量で送ってあげてね。"
  },
  {
    "question": "彼の浮気疑惑。釘を刺す決定的な一言をどうぞ。",
    "answer": "だめだよ！！！！！！",
    "char_count": 10,
    "score": 12,
    "grade": "D",
    "rank_name": "ただのお友達 級",
    "warning": "足りないよ...",
    "comment": "『だめだよ』…？ それで浮気が止まると思ってるの？ お花畑ね。もっと具体的に、浮気したらどうなるか、彼の逃げ道をどうやって塞ぐか、恐怖と共に教えてあげなきゃ。そんな甘い言葉じゃ、彼を守れないよ。"
  }
]